01.01.2018;102,93;65,40;5,53;5,19;225,80;235,41;236,08;240,08;8,50;71,63;61,52;4,19;2,94;651,44;643,09;666,78;654,53;6,66
02.01.2018;107,97;66,70;5,39;4,98;211,09;219,60;221,56;224,12;8,74;74,39;63,61;4,40;2,91;626,54;619,51;642,34;631,24;6,83
03.01.2018;108,64;67,85;5,44;5,01;216,15;224,96;226,99;229,74;8,85;74,95;64,06;4,38;2,93;636,42;629,24;652,69;641,30;7,02
04.01.2018;109,21;67,66;5,55;5,13;215,46;222,98;226,37;227,69;8,99;75,04;64,33;4,18;2,79;646,59;639,08;663,16;651,43;7,00
05.01.2018;108,96;68,09;5,56;5,12;216,65;224,69;227,58;229,50;8,89;75,29;64,59;4,10;2,66;642,31;634,92;658,88;647,29;6,95
06.01.2018;108,91;66,45;5,32;4,91;194,64;200,98;204,44;205,10;8,30;75,08;63,92;4,64;2,62;556,54;551,91;570,81;562,46;6,29
07.01.2018;106,88;65,36;5,38;4,92;195,65;201,42;205,18;205,42;8,15;73,27;62,64;4,58;2,76;578,80;573,46;593,00;584,02;6,24
08.01.2018;105,55;65,14;5,64;4,95;210,82;217,76;220,85;222,05;8,55;72,66;62,13;4,17;2,85;613,90;606,99;628,73;617,99;6,54
09.01.2018;108,66;65,37;5,68;4,98;199,85;207,37;209,88;211,48;8,68;74,04;63,05;4,19;2,83;597,39;591,18;612,33;602,19;6,64
10.01.2018;107,29;64,67;5,97;4,98;198,11;205,53;207,82;209,52;8,47;73,20;62,57;4,45;2,81;593,38;587,22;607,91;598,00;6,39
11.01.2018;102,24;61,92;5,38;4,94;189,32;195,69;197,83;199,20;7,66;71,27;60,59;4,93;2,74;506,35;501,38;518,14;510,05;5,48
12.01.2018;101,32;60,69;5,33;4,98;194,46;201,53;203,06;205,01;7,92;70,16;59,70;4,42;2,76;537,29;531,60;549,45;540,54;5,69
13.01.2018;100,97;61,86;5,27;5,02;195,77;202,39;204,38;206,01;7,68;69,84;59,53;4,63;2,78;539,77;533,84;551,89;542,77;5,64
14.01.2018;96,57;60,93;5,42;5,14;220,91;228,62;229,86;232,59;7,89;67,91;58,01;4,21;2,81;573,43;567,86;585,65;576,90;5,75
15.01.2018;101,18;63,06;5,79;5,23;225,72;235,51;235,67;239,87;8,63;71,43;60,69;3,99;2,80;581,57;574,86;595,19;584,83;6,31
16.01.2018;105,23;62,93;5,64;5,10;215,35;222,92;225,55;227,04;9,14;72,09;61,64;3,95;2,82;629,68;622,02;644,68;633,12;6,66
17.01.2018;108,62;64,21;5,35;5,02;201,93;209,23;212,06;213,25;9,00;74,04;63,27;4,25;2,82;609,39;602,92;624,63;614,22;6,64
18.01.2018;108,38;64,60;5,77;4,99;207,39;215,56;217,75;219,75;9,11;74,53;63,27;4,27;2,79;587,71;581,93;602,59;592,84;6,70
19.01.2018;106,94;64,65;5,77;5,19;213,42;221,99;223,82;226,30;9,06;73,55;62,70;4,01;2,83;616,39;609,65;631,63;620,88;6,77
20.01.2018;101,07;63,41;5,85;5,16;210,35;218,93;219,61;223,03;7,95;71,18;61,19;4,62;2,81;581,66;575,22;595,18;585,35;5,89
21.01.2018;97,00;58,70;6,18;5,03;199,16;205,66;207,29;209,00;7,65;66,92;57,16;4,66;2,77;540,83;537,07;552,04;545,39;5,35
22.01.2018;98,68;59,81;6,23;5,14;211,96;219,92;220,89;223,61;8,26;67,91;58,01;4,06;2,80;586,20;580,55;598,71;589,80;5,87
23.01.2018;103,83;62,67;5,64;5,18;209,13;216,31;218,80;220,28;8,63;71,64;61,17;4,04;2,80;593,31;586,56;607,28;596,88;6,28
24.01.2018;101,80;61,34;5,91;5,49;212,75;220,84;222,23;224,73;8,63;69,73;59,80;4,19;2,82;615,90;607,83;629,69;618,08;6,19
25.01.2018;94,98;57,29;6,43;5,29;200,92;206,85;208,81;210,05;7,59;65,51;56,58;4,93;2,82;574,12;570,28;585,55;578,95;5,20
26.01.2018;93,58;57,37;6,56;5,16;204,19;211,29;212,00;214,57;7,41;64,88;55,53;4,88;2,85;532,72;530,47;543,14;538,25;5,05
27.01.2018;94,71;58,64;6,28;5,13;192,40;197,76;199,92;200,96;6,96;65,96;56,49;4,81;2,85;505,10;502,84;515,29;510,46;4,85
28.01.2018;90,95;57,40;6,58;5,12;199,65;206,31;206,90;209,52;6,71;64,34;55,21;4,90;2,84;495,86;496,11;505,40;503,31;4,59
29.01.2018;91,31;55,78;6,40;5,13;198,56;205,19;205,82;208,21;7,07;63,60;54,38;4,78;2,82;502,89;502,53;512,37;509,62;4,70
30.01.2018;90,48;57,78;7,35;5,28;225,28;234,26;233,37;237,95;7,39;64,83;55,32;4,54;2,83;520,71;518,52;530,88;526,08;5,02
31.01.2018;90,50;56,98;8,77;5,62;220,66;229,02;228,58;232,53;7,42;63,85;54,46;4,41;2,84;529,06;527,45;539,11;534,91;5,03
01.02.2018;90,12;56,53;8,04;5,58;215,07;222,68;222,73;226,04;7,24;63,94;54,69;4,52;2,82;509,06;507,66;518,76;514,89;4,76
02.02.2018;90,81;55,29;7,17;5,48;194,92;201,48;201,97;204,39;6,94;63,25;53,97;4,72;2,81;484,68;484,59;493,72;491,32;4,54
03.02.2018;91,83;56,86;6,97;5,49;193,53;200,13;200,67;203,18;6,79;63,41;54,37;4,52;2,86;513,56;512,30;523,19;519,52;4,68
04.02.2018;93,66;58,87;7,05;5,65;211,26;218,73;219,35;222,29;7,37;65,80;56,58;4,25;2,88;550,77;547,26;561,84;555,58;5,12
05.02.2018;94,74;57,71;6,58;5,42;201,93;208,78;209,82;212,05;7,50;66,22;56,36;4,53;2,83;511,09;509,27;521,48;516,95;5,08
06.02.2018;93,38;56,92;6,90;5,35;189,54;195,53;196,76;198,52;6,93;65,26;55,82;4,75;2,81;475,18;475,70;484,57;482,74;4,53
07.02.2018;92,47;56,04;6,76;5,21;175,83;180,36;182,40;183,04;6,42;64,70;55,76;4,91;2,79;451,55;452,72;460,33;459,41;4,07
08.02.2018;90,57;55,31;7,06;5,32;195,52;202,10;202,55;205,03;6,91;63,11;54,16;4,62;2,82;494,40;493,71;503,58;500,63;4,46
09.02.2018;92,69;58,10;6,98;5,38;211,34;219,18;219,28;222,67;7,33;65,58;55,90;4,55;2,83;507,88;506,47;518,02;513,99;4,96
10.02.2018;95,28;59,46;6,34;5,36;204,90;210,90;213,00;214,40;7,36;66,57;56,75;4,43;2,87;528,71;525,44;539,57;533,47;5,23
11.02.2018;94,76;59,00;6,56;5,37;209,77;215,98;217,97;219,51;7,52;65,77;56,65;4,08;2,90;571,82;567,25;583,31;575,89;5,25
12.02.2018;96,03;58,90;6,69;5,40;218,14;225,28;226,88;228,95;8,12;67,24;57,19;4,30;2,85;545,37;541,28;556,78;549,67;5,52
13.02.2018;97,53;58,64;6,54;5,33;197,35;204,11;205,49;207,41;7,69;67,43;57,28;4,52;2,83;514,72;511,37;525,55;519,33;5,26
14.02.2018;100,18;61,16;6,44;5,55;204,85;212,97;213,71;216,70;8,01;69,72;58,87;4,51;2,85;517,71;512,70;529,30;521,10;5,66
15.02.2018;105,85;62,99;5,98;5,45;193,17;199,01;202,41;202,70;8,31;72,55;61,48;4,38;2,86;530,17;525,17;542,94;534,50;5,92
16.02.2018;108,54;64,18;5,97;5,44;193,07;199,71;202,73;203,54;8,60;73,89;62,38;4,30;2,87;540,99;536,10;554,47;545,89;6,27
17.02.2018;109,83;64,03;5,71;5,32;169,92;174,05;178,61;177,38;7,81;74,20;62,50;4,71;2,84;483,07;479,95;495,19;488,74;5,70
18.02.2018;108,76;64,04;5,92;5,38;174,45;178,94;183,22;182,35;7,83;73,72;62,37;4,64;2,85;491,22;487,88;503,40;496,78;5,64
19.02.2018;108,22;63,85;6,48;5,39;185,78;190,75;195,03;194,37;8,28;74,36;62,89;4,51;2,83;503,60;499,94;516,29;509,21;5,84
20.02.2018;104,06;61,51;7,02;5,31;179,24;183,78;187,54;187,05;7,66;71,14;60,36;4,68;2,82;480,89;477,29;492,07;485,49;5,25
21.02.2018;104,70;62,69;5,81;5,38;195,08;200,45;204,23;204,13;8,22;72,09;61,15;4,35;2,86;532,64;527,61;545,33;536,89;5,88
22.02.2018;104,55;62,72;5,84;5,41;204,93;210,96;214,52;214,84;8,60;72,07;60,78;4,26;2,86;545,73;539,71;558,72;549,10;6,20
23.02.2018;104,48;63,87;5,83;5,38;202,40;209,06;211,86;213,02;8,25;71,87;60,81;4,26;2,89;547,35;541,23;560,31;550,65;6,10
24.02.2018;103,22;63,19;5,93;5,42;202,85;210,22;212,12;214,14;8,15;70,89;60,15;4,23;2,89;551,62;545,42;564,36;554,72;5,97
25.02.2018;105,26;63,21;5,68;5,33;188,03;193,13;196,93;196,73;7,93;72,01;61,12;4,35;2,88;528,69;523,31;541,25;532,50;5,80
26.02.2018;102,16;60,61;5,80;5,33;188,60;194,84;197,06;198,20;7,86;70,03;59,94;4,26;2,86;540,53;534,71;552,73;543,77;5,50
27.02.2018;102,12;59,89;5,86;5,42;179,02;184,49;187,05;187,60;7,58;70,37;60,16;4,54;2,83;499,17;494,69;510,54;503,13;5,15
28.02.2018;98,41;59,23;6,13;5,40;184,65;189,72;192,39;192,85;7,25;68,41;58,19;4,78;2,81;470,02;466,78;480,18;474,26;4,85
01.03.2018;96,05;58,36;6,30;5,48;201,59;207,59;209,68;210,92;7,62;66,62;56,40;4,46;2,83;498,35;495,67;508,60;503,16;5,14
02.03.2018;97,02;59,16;6,10;5,42;193,89;199,76;201,81;203,05;7,36;67,85;57,89;4,36;2,83;497,56;493,98;508,15;501,82;4,99
03.03.2018;94,49;57,68;6,27;5,34;170,55;174,48;177,19;177,22;6,29;65,72;56,48;4,81;2,80;437,16;436,96;445,92;443,58;4,08
04.03.2018;94,05;56,18;6,21;5,56;177,07;182,18;183,91;184,89;6,72;64,25;55,13;4,48;2,84;487,04;486,43;496,40;493,47;4,48
05.03.2018;98,36;57,91;6,61;5,92;182,38;188,83;190,01;191,81;7,40;67,18;57,33;4,35;2,83;503,27;499,76;513,79;507,55;5,00
06.03.2018;99,77;60,28;6,31;5,66;208,52;217,30;217,48;221,00;8,25;69,35;58,29;4,23;2,83;522,22;517,05;533,80;525,36;5,81
07.03.2018;102,02;62,52;6,04;5,46;213,22;222,29;222,76;226,35;8,45;71,11;59,98;4,09;2,86;543,47;537,02;556,09;546,13;6,09
08.03.2018;101,39;62,96;6,01;5,47;213,21;222,53;222,64;226,64;8,22;70,63;59,64;4,07;2,88;548,51;542,20;561,09;551,29;6,06
09.03.2018;102,35;61,92;5,88;5,36;197,91;203,68;206,82;207,33;8,02;70,16;59,20;4,22;2,86;526,13;520,26;538,04;528,86;5,80
10.03.2018;95,64;60,06;6,07;5,29;201,78;208,91;209,83;212,45;7,20;67,26;57,09;4,42;2,85;499,26;496,94;509,73;504,63;5,11
11.03.2018;93,89;58,34;6,24;5,43;208,36;215,43;216,38;218,88;7,42;65,46;55,62;4,24;2,86;524,48;523,35;534,92;531,04;5,19
12.03.2018;97,89;59,65;6,03;5,52;213,31;221,26;222,17;224,96;8,18;67,97;57,66;4,05;2,85;547,89;543,24;559,60;551,79;5,68
13.03.2018;102,27;61,94;5,85;5,55;207,63;215,84;216,96;219,71;8,40;71,01;60,06;4,09;2,85;543,00;536,50;555,57;545,62;5,98
14.03.2018;101,84;61,52;5,82;5,52;203,46;211,08;212,54;214,81;8,23;70,33;59,46;4,13;2,86;538,08;531,90;550,32;540,78;5,89
15.03.2018;99,47;60,27;5,83;5,50;201,67;210,11;210,29;213,69;7,92;69,17;58,40;4,28;2,84;515,63;510,65;527,00;518,89;5,59
16.03.2018;101,32;61,39;5,84;5,48;207,95;216,47;217,14;220,29;8,32;69,87;58,83;4,17;2,85;532,39;527,01;544,36;535,62;5,92
17.03.2018;105,39;63,47;5,51;5,26;199,78;205,96;209,27;209,82;8,40;72,10;60,62;4,17;2,87;532,79;527,00;545,48;536,11;6,16
18.03.2018;105,38;62,99;5,50;5,25;198,09;203,72;207,49;207,49;8,42;71,80;60,34;4,19;2,87;531,95;525,99;544,52;535,01;6,14
19.03.2018;103,95;61,78;5,61;5,33;201,35;208,41;210,68;212,14;8,51;71,44;60,25;4,14;2,84;532,67;526,99;545,15;536,01;6,01
20.03.2018;99,26;60,89;5,93;5,56;208,57;217,08;217,45;220,85;8,02;69,24;58,49;4,22;2,85;523,99;518,73;535,57;527,12;5,67
21.03.2018;99,86;60,84;5,78;5,48;201,85;210,20;210,54;213,84;7,89;69,22;58,47;4,24;2,85;524,43;519,28;536,02;527,67;5,68
22.03.2018;100,45;62,65;5,77;5,45;220,01;229,04;229,59;233,23;8,34;71,11;59,97;4,17;2,85;531,71;525,70;544,05;534,61;5,96
23.03.2018;102,12;62,38;5,61;5,34;206,09;214,20;215,33;218,09;8,21;71,09;59,80;4,21;2,85;524,89;519,01;537,07;527,76;5,96
24.03.2018;100,95;63,09;5,64;5,34;205,01;213,98;214,01;217,95;7,78;70,44;59,45;4,25;2,87;523,63;517,92;535,57;526,56;5,79
25.03.2018;98,00;61,24;5,61;5,30;205,01;212,08;213,54;215,80;7,55;68,55;58,27;4,18;2,87;531,17;526,11;542,69;534,56;5,49
26.03.2018;95,30;57,95;5,76;5,40;200,73;207,07;208,67;210,35;7,51;65,77;56,27;4,06;2,86;547,02;544,33;558,01;552,51;5,23
27.03.2018;92,97;58,01;5,79;5,37;212,56;220,52;220,59;224,02;7,44;65,33;55,82;4,11;2,86;538,95;537,31;549,64;545,27;5,16
28.03.2018;92,91;56,91;5,68;5,27;198,72;205,94;206,23;209,09;7,17;64,33;55,11;4,18;2,85;530,26;528,20;540,48;535,84;4,92
29.03.2018;92,70;56,34;5,97;5,35;196,26;203,13;203,64;206,18;7,15;63,29;54,03;4,33;2,84;511,33;509,22;520,89;516,32;4,77
30.03.2018;93,31;56,10;5,90;5,39;189,41;195,68;196,62;198,59;7,06;62,92;53,83;4,28;2,84;519,12;516,23;528,72;523,37;4,76
31.03.2018;93,05;56,81;5,79;5,40;193,34;199,84;200,67;202,89;7,02;63,68;54,45;4,21;2,86;529,39;527,72;539,40;535,17;4,92
01.04.2018;92,53;56,45;5,88;5,41;198,90;206,04;206,36;209,14;7,19;63,58;54,23;4,25;2,85;522,81;521,64;532,67;528,95;4,92
02.04.2018;92,76;58,02;5,98;5,41;219,23;228,16;227,49;231,78;7,63;64,86;55,81;4,30;2,87;566,72;564,09;577,81;572,44;5,20
03.04.2018;93,01;58,32;5,83;5,33;216,75;225,20;224,96;228,81;7,54;65,16;55,97;4,30;2,86;559,18;556,68;570,21;564,96;5,24
04.04.2018;92,65;57,44;5,87;5,34;215,41;224,13;223,51;227,61;7,60;64,94;55,20;4,39;2,83;524,70;524,00;534,99;531,60;5,20
05.04.2018;93,10;56,32;5,69;5,22;196,20;203,03;203,64;206,08;7,23;63,99;54,75;4,42;2,83;521,50;520,11;531,45;527,54;4,90
06.04.2018;91,05;55,56;5,85;5,23;196,40;203,76;203,55;206,74;6,98;62,22;53,39;4,40;2,84;524,49;521,51;533,98;528,61;4,69
07.04.2018;92,22;55,86;5,59;5,18;186,03;192,21;192,96;195,04;6,77;62,27;53,51;4,42;2,85;523,26;520,27;532,75;527,38;4,63
08.04.2018;91,65;56,13;5,69;5,21;197,00;204,43;204,26;207,47;7,01;63,03;53,94;4,33;2,85;527,72;525,63;537,50;532,93;4,84
09.04.2018;90,51;54,85;5,80;5,26;197,30;204,36;204,40;207,27;7,05;62,06;53,30;4,26;2,84;533,16;529,52;542,77;536,71;4,72
10.04.2018;90,95;54,01;5,83;5,26;195,93;203,20;203,05;206,01;7,25;62,01;53,26;4,20;2,82;535,17;531,24;544,80;538,43;4,73
11.04.2018;91,65;53,03;5,86;5,16;196,53;203,87;203,77;206,59;7,60;62,09;53,39;4,19;2,80;534,56;530,88;544,20;538,11;4,70
12.04.2018;91,47;54,81;6,31;5,13;201,92;209,87;209,32;212,86;7,42;62,18;53,49;4,15;2,83;547,54;543,54;557,44;550,96;4,81
13.04.2018;91,47;55,30;5,70;5,08;188,74;195,44;195,67;198,27;6,84;62,17;53,36;4,32;2,84;522,14;518,91;531,57;525,97;4,65
14.04.2018;91,92;56,17;5,54;5,04;181,46;187,35;188,19;190,14;6,50;62,43;53,60;4,48;2,86;511,77;509,14;521,09;516,12;4,57
15.04.2018;92,41;57,32;5,65;5,15;193,41;200,39;200,65;203,50;6,80;64,04;54,87;4,40;2,84;515,02;514,33;524,86;521,71;4,77
16.04.2018;91,57;56,81;5,79;5,18;201,95;209,73;209,38;212,92;7,03;63,67;54,52;4,31;2,84;519,77;518,67;529,60;526,01;4,81
17.04.2018;91,15;56,74;5,79;5,21;203,66;211,63;211,09;214,84;7,02;63,54;54,36;4,25;2,84;525,25;524,07;535,14;531,45;4,87
18.04.2018;82,02;55,74;6,35;5,47;238,31;248,42;245,49;252,07;6,27;59,23;51,47;4,04;2,86;541,64;538,38;550,60;545,23;4,26
19.04.2018;78,55;53,37;6,25;5,26;229,61;240,06;235,99;243,31;5,79;55,44;48,43;4,05;2,87;541,64;538,12;549,53;544,20;3,84
20.04.2018;79,05;54,47;6,66;5,60;246,18;258,04;253,10;261,66;6,06;56,91;49,51;4,13;2,85;536,23;532,78;544,44;539,06;4,01
21.04.2018;81,64;54,91;6,03;5,43;220,35;230,33;226,93;233,61;5,90;57,67;50,02;4,06;2,88;542,77;538,76;551,29;545,23;4,20
22.04.2018;83,82;56,68;5,91;5,45;223,30;232,64;230,29;236,16;6,07;60,26;52,06;4,22;2,88;528,55;522,95;537,56;529,73;4,39
23.04.2018;81,71;55,38;6,39;5,59;239,94;250,96;247,11;254,59;6,33;59,22;51,13;4,20;2,84;518,50;513,62;527,05;520,06;4,24
24.04.2018;80,68;57,22;6,39;5,72;246,03;257,27;253,21;261,23;5,78;57,75;50,27;3,86;2,87;604,04;587,33;613,56;594,45;5,12
25.04.2018;81,23;57,57;6,20;5,57;234,12;243,15;241,04;246,94;5,55;57,50;50,45;3,88;2,92;671,10;647,72;681,59;655,63;5,62
26.04.2018;78,69;56,76;6,70;5,85;261,25;280,00;268,53;284,25;5,73;56,56;49,45;3,97;2,88;605,82;589,60;615,00;596,53;4,93
27.04.2018;80,20;53,60;6,14;5,59;231,63;254,04;238,32;257,50;6,17;57,14;49,17;3,96;2,81;493,66;491,65;501,27;497,36;3,99
28.04.2018;77,86;53,60;6,34;5,71;251,77;275,59;258,66;279,34;6,11;56,19;48,78;4,05;2,83;521,57;519,00;529,37;524,94;3,92
29.04.2018;77,80;53,82;6,15;5,66;243,54;266,62;250,19;270,28;5,85;56,29;49,07;4,14;2,85;530,98;527,98;538,94;534,09;3,88
30.04.2018;78,39;53,80;6,08;5,62;238,11;260,93;244,71;264,50;5,86;56,36;49,11;4,17;2,86;530,97;527,82;538,94;533,95;3,90
01.05.2018;78,33;53,16;5,94;5,53;223,88;245,34;230,07;248,63;5,64;55,79;48,75;4,18;2,86;531,14;528,08;538,97;534,12;3,79
02.05.2018;78,01;51,23;5,99;5,50;218,81;239,61;224,82;242,60;5,86;54,19;47,42;4,11;2,84;533,92;529,40;541,37;535,14;3,67
03.05.2018;78,27;52,44;6,18;5,54;234,63;257,13;241,11;260,49;6,07;54,37;47,58;4,07;2,85;547,85;543,02;555,54;548,94;3,76
04.05.2018;78,27;52,33;6,00;5,48;221,18;242,49;227,29;245,64;5,74;54,24;47,65;4,21;2,86;545,13;540,38;552,75;546,30;3,63
05.05.2018;79,04;53,28;5,94;5,54;217,97;239,09;224,10;242,31;5,62;55,49;48,63;4,27;2,88;540,45;536,68;548,34;542,79;3,74
06.05.2018;77,75;52,64;5,99;5,52;219,03;239,97;225,00;243,13;5,50;54,16;47,64;4,21;2,88;547,42;542,27;555,04;548,20;3,60
07.05.2018;78,36;51,78;5,94;5,50;216,10;237,07;222,08;240,09;5,75;54,26;47,62;4,20;2,87;547,61;542,80;555,27;548,73;3,68
08.05.2018;78,05;51,84;5,97;5,49;216,44;237,28;222,39;240,31;5,68;53,96;47,47;4,24;2,86;541,27;536,24;548,75;542,07;3,55
09.05.2018;75,81;51,56;6,01;5,47;216,19;236,46;221,81;239,45;5,25;52,42;46,17;4,36;2,86;531,34;526,07;538,28;531,49;3,35
10.05.2018;74,37;50,90;6,20;5,51;221,67;242,53;227,24;245,52;5,21;52,29;46,43;4,43;2,82;515,94;510,73;522,65;516,05;3,06
11.05.2018;74,00;51,65;6,39;5,58;240,53;263,19;246,51;266,53;5,38;52,06;46,08;4,28;2,85;537,74;532,03;544,68;537,49;3,25
12.05.2018;74,52;52,87;6,56;5,64;251,44;275,00;257,78;278,65;5,45;52,05;45,88;4,25;2,87;544,63;539,30;551,66;544,79;3,39
13.05.2018;73,78;52,09;6,54;5,56;234,44;255,79;240,24;259,09;5,09;50,08;44,42;4,36;2,85;528,07;523,23;534,41;528,23;3,03
14.05.2018;73,33;51,17;6,50;5,64;252,19;274,86;258,36;278,28;5,59;52,12;46,02;4,23;2,84;541,53;536,02;548,54;541,50;3,33
15.05.2018;73,15;53,28;7,04;5,81;291,95;317,70;299,06;321,98;5,81;53,03;46,62;4,21;2,85;546,12;540,71;553,43;546,39;3,53
16.05.2018;73,30;52,58;6,90;5,80;270,31;294,73;276,91;298,60;5,61;52,11;45,84;4,28;2,85;537,35;532,12;544,30;537,52;3,41
17.05.2018;73,74;52,77;6,96;5,88;270,16;294,32;276,83;298,21;5,67;52,43;46,00;4,33;2,84;531,25;526,22;538,20;531,60;3,45
18.05.2018;73,27;53,01;7,23;5,95;283,44;308,62;290,36;312,72;5,75;52,13;45,63;4,24;2,85;533,87;529,03;540,78;534,35;3,50
19.05.2018;73,27;53,57;6,99;5,88;269,77;294,55;276,36;298,55;5,32;52,05;45,72;4,25;2,86;523,27;518,48;530,03;523,72;3,34
20.05.2018;73,51;54,10;6,82;5,66;277,17;301,64;283,98;305,82;5,39;52,37;46,08;4,16;2,87;534,35;528,80;541,33;534,23;3,39
21.05.2018;73,91;52,26;6,29;5,39;260,03;283,25;266,49;286,92;5,64;52,26;45,92;4,10;2,85;540,00;534,65;547,03;540,10;3,45
22.05.2018;73,86;52,62;6,14;5,22;257,41;280,25;263,80;283,94;5,48;52,22;45,95;4,17;2,85;528,71;523,66;535,58;529,00;3,35
23.05.2018;73,87;51,56;5,94;5,09;235,44;256,58;241,28;259,83;5,26;51,16;45,20;4,22;2,84;520,93;516,89;527,44;522,00;3,13
24.05.2018;73,72;50,42;5,72;4,97;216,37;235,92;221,73;238,78;5,04;50,17;44,53;4,19;2,85;522,54;519,04;528,82;524,03;2,97
25.05.2018;74,03;52,25;6,18;5,01;249,01;271,72;255,22;275,25;5,43;50,72;44,80;4,04;2,86;547,43;542,55;554,16;547,82;3,27
26.05.2018;72,40;52,84;6,20;5,20;266,46;290,56;272,84;294,41;5,22;52,08;45,84;4,18;2,87;529,86;524,62;536,71;529,94;3,33
27.05.2018;73,52;53,61;6,19;5,15;270,08;293,70;276,73;297,70;5,39;52,18;45,88;4,11;2,87;538,30;532,96;545,29;538,38;3,41
28.05.2018;73,79;51,32;5,83;4,93;228,90;249,53;234,58;252,66;5,15;49,99;44,40;4,17;2,84;526,12;520,86;532,41;525,84;2,96
29.05.2018;73,70;51,46;5,82;4,80;211,60;230,99;216,83;233,91;4,71;47,81;42,83;4,21;2,84;521,92;516,66;527,64;521,26;2,63
30.05.2018;72,94;49,98;5,90;4,86;178,42;194,40;182,75;196,72;4,10;43,95;39,99;4,26;2,84;520,56;515,62;525,40;519,63;2,11
31.05.2018;73,59;50,58;5,96;5,12;180,75;196,91;185,21;199,32;4,16;44,54;40,29;4,26;2,85;515,65;510,43;520,57;514,46;2,21
01.06.2018;73,10;49,47;5,88;5,07;179,09;194,65;183,45;196,93;4,24;44,60;40,36;4,21;2,84;522,31;517,24;527,31;521,34;2,24
02.06.2018;73,40;49,98;5,83;5,08;178,46;194,01;182,84;196,32;4,18;44,46;40,25;4,18;2,86;526,93;521,85;531,94;525,96;2,24
03.06.2018;73,37;51,49;6,25;5,16;206,95;225,28;212,02;228,12;4,53;45,53;41,04;4,04;2,86;547,59;542,44;553,05;546,88;2,48
04.06.2018;73,37;52,47;5,95;5,22;210,53;223,65;215,69;226,57;4,40;45,01;40,60;4,19;2,85;524,58;518,43;529,70;522,58;2,34
05.06.2018;73,21;50,57;5,46;5,13;193,21;193,18;197,93;195,53;4,38;45,73;41,21;4,21;2,84;523,30;515,35;528,56;519,60;2,40
06.06.2018;73,23;51,20;5,54;5,16;192,66;192,71;197,37;195,12;4,25;44,78;40,55;4,19;2,84;525,24;517,00;530,31;521,13;2,25
07.06.2018;73,26;50,63;5,63;5,23;213,12;213,07;218,33;215,67;4,83;46,03;41,23;3,94;2,87;564,52;554,66;570,28;559,24;2,74
08.06.2018;73,50;50,61;5,57;5,22;214,57;214,70;219,85;217,32;4,91;47,43;42,30;4,05;2,86;549,12;539,78;555,04;544,47;2,85
09.06.2018;72,77;50,83;5,65;5,26;219,23;219,36;224,53;222,06;4,81;47,04;42,00;4,04;2,87;550,56;541,36;556,41;546,00;2,80
10.06.2018;73,08;51,24;5,61;5,25;212,33;212,72;217,50;215,38;4,64;46,88;42,03;3,97;2,88;562,10;552,54;568,04;557,28;2,75
11.06.2018;73,32;51,44;5,55;5,22;205,43;205,72;210,46;208,31;4,50;47,03;42,08;4,14;2,87;537,77;528,80;543,48;533,35;2,69
12.06.2018;72,77;50,87;5,61;5,25;216,38;216,61;221,61;219,28;4,74;47,22;42,15;4,03;2,88;553,37;543,89;559,29;548,58;2,83
13.06.2018;72,93;51,54;5,56;5,15;222,84;222,99;228,25;225,81;4,77;47,03;42,00;4,05;2,87;551,50;542,15;557,35;546,79;2,80
14.06.2018;73,53;50,85;5,61;5,25;209,43;209,80;214,59;212,39;4,75;46,88;41,84;4,11;2,86;539,18;530,39;544,87;534,89;2,75
15.06.2018;73,51;50,14;5,52;5,20;195,08;195,42;199,89;197,77;4,56;45,83;41,10;4,10;2,86;543,75;535,45;549,25;539,85;2,60
16.06.2018;73,57;52,01;5,69;5,29;208,63;208,73;213,77;211,41;4,50;46,71;41,73;4,14;2,88;541,44;532,97;547,12;537,48;2,72
17.06.2018;73,16;49,88;5,44;5,18;187,99;188,17;192,58;190,40;4,38;46,51;41,64;4,18;2,87;538,39;530,14;543,98;534,60;2,65
18.06.2018;73,20;52,34;5,52;5,21;158,42;158,35;162,29;160,41;3,31;45,87;41,39;4,09;2,87;288,88;284,81;291,80;287,18;1,31
19.06.2018;72,82;55,87;5,30;5,00;120,66;120,50;123,59;122,28;2,05;29,68;29,31;-0,08;-0,12;0,00;0,00;0,00;0,00;0,00
20.06.2018;73,35;55,92;5,45;5,20;114,69;114,66;117,51;116,36;2,00;29,39;28,88;0,12;0,01;0,00;0,00;0,00;0,00;0,00
21.06.2018;72,97;55,82;5,33;5,17;115,15;115,22;117,95;116,92;1,98;29,56;29,04;0,00;-0,15;0,00;0,00;0,00;0,00;0,00
22.06.2018;73,11;55,15;5,44;5,36;109,01;109,62;111,67;111,20;1,96;28,34;28,12;2,71;0,02;0,00;0,00;0,00;0,00;0,00
23.06.2018;72,79;55,06;5,42;5,35;107,46;107,09;110,06;108,63;1,91;26,91;26,39;1,61;0,02;0,00;0,00;0,00;0,00;0,00
24.06.2018;72,96;55,19;5,45;5,38;108,19;108,18;110,81;109,75;1,92;26,80;26,34;1,62;0,02;0,00;0,00;0,00;0,00;0,00
25.06.2018;72,44;56,71;5,69;5,40;130,69;130,53;133,82;132,52;2,05;27,10;26,56;1,80;0,02;0,00;0,00;0,00;0,00;0,00
26.06.2018;58,76;53,83;5,93;5,65;11,46;11,14;11,65;11,30;0,06;20,04;21,16;1,51;0,02;0,00;0,02;0,00;0,02;0,00
27.06.2018;18,67;19,57;15,00;9,13;0,01;0,01;0,01;0,01;0,00;18,96;19,51;0,07;0,02;0,00;0,16;0,00;0,16;0,00
28.06.2018;17,95;17,05;0,00;0,00;0,00;0,00;0,00;0,00;0,00;18,52;17,99;0,00;0,02;0,00;0,40;0,00;0,41;0,00
29.06.2018;16,90;16,02;2,65;2,88;0,00;0,00;0,00;0,00;0,00;17,39;17,90;0,04;0,02;0,00;0,56;0,00;0,56;0,00
30.06.2018;17,08;16,43;2,61;2,80;0,00;0,00;0,00;0,00;0,00;17,45;17,34;0,06;0,02;0,00;0,00;0,00;0,00;0,00
01.07.2018;17,42;16,90;2,54;2,74;0,00;0,00;0,00;0,00;0,00;17,82;17,65;0,06;0,02;0,00;0,00;0,00;0,00;0,00
02.07.2018;16,93;16,02;2,42;2,64;0,00;0,00;0,00;0,00;0,00;17,58;17,49;0,05;0,02;0,00;0,00;0,00;0,00;0,00
03.07.2018;16,19;15,26;2,34;2,59;0,00;0,00;0,00;0,00;0,00;16,82;16,85;0,04;0,02;0,00;0,00;0,00;0,00;0,00
04.07.2018;15,53;14,89;2,26;2,51;0,00;0,00;0,00;0,00;0,00;15,91;16,54;0,02;0,02;0,00;0,28;0,00;0,28;0,00
05.07.2018;15,40;14,87;2,21;2,47;0,00;0,00;0,00;0,00;0,00;15,56;15,51;0,02;0,02;0,00;0,00;0,00;0,00;0,00
06.07.2018;15,09;14,62;2,15;2,41;0,00;0,00;0,00;0,00;0,00;15,23;15,21;0,03;0,02;0,00;0,91;0,00;0,91;0,00
07.07.2018;15,35;15,10;2,12;2,38;0,00;0,00;0,00;0,00;0,00;15,43;15,10;0,04;0,02;0,00;1,24;0,00;1,24;0,00
08.07.2018;16,16;15,81;2,13;2,38;0,00;0,00;0,00;0,00;0,00;16,58;16,46;0,04;0,02;0,00;0,36;0,00;0,37;0,00
09.07.2018;66,12;58,41;6,48;5,02;100,54;97,63;102,64;99,24;0,79;25,18;16,62;1,81;0,02;0,00;0,20;0,00;0,21;0,00
10.07.2018;71,92;57,61;4,38;4,12;141,45;140,18;144,80;142,39;2,03;28,59;27,95;2,25;0,02;0,00;0,00;0,00;0,00;0,00
11.07.2018;73,78;53,60;4,48;4,44;102,19;102,21;104,73;103,61;2,06;30,32;30,23;2,38;0,02;0,00;0,00;0,00;0,00;0,00
12.07.2018;73,62;52,81;4,48;4,45;100,97;101,08;103,47;102,43;2,10;30,61;30,24;2,02;0,02;0,00;0,00;0,00;0,00;0,00
13.07.2018;73,34;54,94;4,12;4,09;93,60;93,63;95,90;94,97;1,72;30,42;30,07;1,31;0,02;0,00;0,00;0,00;0,00;0,00
14.07.2018;71,50;55,75;4,41;4,39;79,97;79,71;81,85;80,89;1,26;30,21;29,96;0,93;0,02;0,00;0,00;0,00;0,00;0,00
15.07.2018;72,34;55,86;4,48;4,47;81,20;81,20;83,15;82,40;1,34;30,04;30,06;0,72;0,02;0,00;0,00;0,00;0,00;0,00
16.07.2018;72,99;52,61;4,81;4,81;69,58;69,43;71,27;70,35;1,42;29,05;28,71;0,62;0,02;0,00;0,00;0,00;0,00;0,00
17.07.2018;72,88;54,97;5,50;5,46;91,14;91,01;93,35;92,31;1,63;28,94;28,61;0,56;0,02;0,00;0,00;0,00;0,00;0,00
18.07.2018;73,67;57,05;5,65;5,60;106,14;105,98;108,77;107,60;1,77;29,28;29,97;0,61;0,02;0,00;0,00;0,00;0,01;0,00
19.07.2018;73,64;57,74;5,08;5,02;112,17;112,09;114,95;113,85;1,79;29,84;29,64;0,66;0,03;0,00;0,00;0,00;0,00;0,00
20.07.2018;73,56;58,06;5,20;5,14;110,85;110,78;113,58;112,54;1,72;29,95;29,44;-0,34;0,02;0,00;0,00;0,00;0,00;0,00
21.07.2018;73,28;57,77;5,61;5,55;107,92;107,48;110,56;109,17;1,67;29,40;29,00;-0,34;0,02;0,00;0,00;0,00;0,00;0,00
22.07.2018;72,31;55,95;5,63;5,58;106,96;106,68;109,52;108,26;1,75;28,80;28,34;-0,33;0,02;0,00;0,00;0,00;0,00;0,00
23.07.2018;72,18;57,25;5,87;5,77;122,08;122,09;124,99;123,98;1,82;29,50;29,81;-0,19;0,02;0,00;0,00;0,00;0,00;0,00
24.07.2018;72,44;56,09;5,78;5,70;114,71;114,71;117,46;116,42;1,88;29,35;30,02;-0,19;0,02;0,00;0,00;0,00;0,00;0,00
25.07.2018;71,95;56,41;5,71;5,63;117,83;117,84;120,62;119,61;1,83;29,05;28,68;-0,17;0,02;0,00;0,00;0,00;0,00;0,00
26.07.2018;72,83;57,56;5,58;5,49;122,55;122,63;125,52;124,54;1,87;29,95;30,06;-0,14;0,02;0,00;0,02;0,00;0,02;0,00
27.07.2018;72,14;57,76;5,54;5,44;122,08;122,24;124,98;124,16;1,76;31,01;28,68;-0,07;0,03;0,00;0,00;0,00;0,00;0,00
28.07.2018;72,30;59,30;5,47;5,37;124,19;124,08;127,16;126,13;1,62;31,76;30,80;0,00;0,03;0,00;0,00;0,00;0,00;0,00
29.07.2018;72,31;59,41;5,54;5,45;123,23;123,13;126,18;125,17;1,59;31,90;31,20;0,00;0,03;0,00;0,00;0,00;0,00;0,00
30.07.2018;71,62;56,95;5,63;5,53;121,87;121,86;124,72;123,72;1,79;31,64;31,19;-0,04;0,03;0,00;0,00;0,00;0,00;0,00
31.07.2018;71,86;57,20;5,63;5,54;120,75;120,65;123,60;122,51;1,77;32,32;31,89;2,80;0,03;0,00;0,00;0,00;0,00;0,00
01.08.2018;71,44;57,44;5,57;5,47;119,91;119,75;122,71;121,61;1,68;31,62;31,13;1,27;0,03;0,00;0,00;0,00;0,00;0,00
02.08.2018;71,37;56,88;5,60;5,50;120,13;120,05;122,93;121,88;1,74;31,20;30,94;0,98;0,03;0,00;0,00;0,00;0,00;0,00
03.08.2018;72,36;56,94;5,57;5,47;121,00;120,83;123,90;122,68;1,87;31,08;30,60;0,85;0,03;0,00;0,00;0,00;0,00;0,00
04.08.2018;72,85;58,85;5,40;5,29;118,62;118,51;121,49;120,44;1,66;31,77;31,32;0,95;0,02;0,00;0,00;0,00;0,00;0,00
05.08.2018;72,75;60,53;5,40;5,25;144,30;144,14;147,79;146,61;1,77;32,67;32,07;1,01;0,03;0,00;0,00;0,00;0,00;0,00
06.08.2018;72,31;61,46;5,46;5,20;176,34;176,25;180,55;179,36;1,92;32,85;32,29;1,02;0,03;0,00;0,00;0,00;0,00;0,00
07.08.2018;73,12;62,28;5,43;5,17;172,96;172,96;177,18;176,10;1,88;32,59;32,05;0,91;0,03;0,00;0,00;0,00;0,00;0,00
08.08.2018;72,25;61,45;5,37;5,16;164,75;164,67;168,68;167,58;1,78;32,63;32,38;0,75;0,03;0,00;0,00;0,00;0,00;0,00
09.08.2018;73,60;61,93;5,25;5,07;156,74;157,18;160,61;160,00;1,83;32,65;32,12;0,81;0,03;0,00;0,00;0,00;0,00;0,00
10.08.2018;72,30;61,18;5,30;5,09;161,62;161,76;165,49;164,60;1,80;32,33;31,76;0,81;0,03;0,00;0,00;0,00;0,00;0,00
11.08.2018;73,42;63,08;5,38;5,13;169,16;169,29;173,32;172,43;1,75;32,90;32,25;0,86;0,03;0,00;0,00;0,00;0,00;0,00
12.08.2018;72,46;62,15;5,27;5,06;165,18;165,19;169,14;168,18;1,71;32,66;32,25;0,71;0,03;0,00;0,00;0,00;0,00;0,00
13.08.2018;73,02;62,63;5,21;4,97;176,51;177,18;180,80;180,42;1,84;32,57;32,08;0,65;0,03;0,00;0,00;0,00;0,00;0,00
14.08.2018;72,63;62,28;5,19;4,92;184,94;185,38;189,40;188,74;1,92;31,55;31,30;0,51;0,02;0,00;0,00;0,00;0,00;0,00
15.08.2018;72,55;62,62;5,33;5,01;196,50;196,69;201,22;200,29;1,95;31,04;30,44;0,45;0,03;0,00;0,00;0,00;0,00;0,00
16.08.2018;71,98;62,14;5,26;4,96;189,34;189,94;193,82;193,37;1,87;31,38;30,81;0,49;0,03;0,00;0,00;0,00;0,00;0,00
17.08.2018;71,83;62,03;5,18;4,88;194,46;194,79;199,05;198,29;1,91;31,18;30,66;0,50;0,03;0,00;0,00;0,00;0,00;0,00
18.08.2018;72,00;63,36;5,27;4,88;217,04;217,66;222,18;221,74;1,88;30,76;30,18;0,42;0,03;0,00;0,00;0,00;0,00;0,00
19.08.2018;72,58;63,13;5,12;4,79;199,70;200,34;204,51;204,06;1,89;30,49;29,79;0,41;0,03;0,00;0,00;0,00;0,00;0,00
20.08.2018;72,82;61,43;4,89;4,66;171,66;172,16;175,81;175,20;1,96;31,19;30,60;0,48;0,03;0,00;0,00;0,00;0,00;0,00
21.08.2018;73,33;61,77;4,70;4,47;169,43;169,98;173,59;173,02;1,96;31,73;31,15;0,54;0,03;0,00;0,00;0,00;0,00;0,00
22.08.2018;72,93;61,31;4,75;4,52;167,22;167,72;171,29;170,68;1,95;31,27;30,87;0,51;0,03;0,00;0,00;0,00;0,00;0,00
23.08.2018;72,24;62,59;4,95;4,62;200,40;200,80;205,18;204,48;1,94;30,85;30,27;0,44;0,02;0,00;0,00;0,00;0,00;0,00
24.08.2018;73,02;62,57;4,70;4,42;188,45;188,79;193,04;192,24;1,97;31,61;31,06;0,46;0,03;0,00;0,00;0,00;0,00;0,00
25.08.2018;73,05;62,80;4,59;4,35;177,66;178,05;182,00;181,33;1,82;31,98;31,35;0,51;0,03;0,00;0,00;0,00;0,00;0,00
26.08.2018;73,15;62,72;4,64;4,39;174,20;174,96;178,46;178,18;1,82;31,61;30,96;0,51;0,03;0,00;0,00;0,00;0,00;0,00
27.08.2018;73,36;62,81;4,73;4,45;186,23;186,46;190,81;189,89;1,97;31,95;31,31;0,47;0,02;0,00;0,00;0,00;0,00;0,00
28.08.2018;72,09;60,42;4,64;4,43;165,86;166,12;169,81;168,97;1,94;31,08;30,54;0,36;0,02;0,00;0,00;0,00;0,00;0,00
29.08.2018;72,97;61,71;4,70;4,47;170,89;171,15;175,04;174,20;1,93;30,55;30,04;0,34;0,03;0,00;0,00;0,00;0,00;0,00
30.08.2018;72,28;63,02;4,91;4,53;214,59;214,79;219,71;218,77;1,99;31,09;30,43;0,34;0,03;0,00;0,00;0,00;0,00;0,00
31.08.2018;73,47;63,02;4,78;4,46;193,62;194,15;198,39;197,75;2,03;30,65;30,06;0,34;0,03;0,00;0,00;0,00;0,00;0,00
01.09.2018;72,82;64,25;4,99;4,58;215,15;215,97;220,36;220,12;1,85;29,89;29,60;0,29;0,03;0,00;0,00;0,00;0,00;0,00
02.09.2018;72,49;63,28;4,98;4,59;212,41;213,37;217,51;217,36;1,96;26,71;28,36;0,22;0,02;0,00;0,01;0,00;0,01;0,00
03.09.2018;72,09;61,69;4,72;4,37;200,70;201,62;205,48;205,21;2,09;29,32;28,59;0,26;0,03;0,00;0,00;0,00;0,00;0,00
04.09.2018;73,06;58,97;4,31;4,15;137,54;138,44;140,89;140,72;1,94;29,83;29,07;0,31;0,02;0,00;0,00;0,00;0,00;0,00
05.09.2018;73,11;58,93;4,04;3,89;131,44;132,23;134,65;134,40;1,87;30,83;30,38;0,95;0,03;0,00;0,00;0,00;0,00;0,00
06.09.2018;73,07;61,81;3,93;3,68;173,91;174,67;178,16;177,81;1,96;30,59;29,98;4,44;0,03;0,00;0,00;0,00;0,00;0,00
07.09.2018;72,25;60,82;3,96;3,72;171,67;172,54;175,78;175,54;1,96;30,83;30,49;1,80;0,03;0,00;0,00;0,00;0,00;0,00
08.09.2018;71,91;60,02;3,92;3,75;149,33;150,13;152,88;152,68;1,78;30,08;29,43;1,15;0,03;0,00;0,00;0,00;0,00;0,00
09.09.2018;72,85;62,03;4,03;3,74;177,63;178,38;181,94;181,60;1,92;30,21;29,60;0,83;0,03;0,00;0,00;0,00;0,00;0,00
10.09.2018;73,44;60,44;3,83;3,60;153,85;154,76;157,64;157,43;2,00;30,13;29,59;0,72;0,02;0,00;0,00;0,00;0,00;0,00
11.09.2018;72,75;58,36;3,72;3,58;141,47;142,48;144,90;144,78;2,04;29,29;28,94;0,58;0,03;0,00;0,00;0,00;0,00;0,00
12.09.2018;73,53;57,83;3,71;3,62;129,11;130,20;132,30;132,26;2,03;29,48;28,83;0,51;0,03;0,00;0,00;0,00;0,00;0,00
13.09.2018;73,40;58,18;3,73;3,63;131,03;132,09;134,26;134,20;2,00;29,71;29,20;0,45;0,03;0,00;0,00;0,00;0,00;0,00
14.09.2018;73,22;57,58;3,73;3,64;128,88;129,87;132,04;131,91;2,02;30,29;29,89;0,47;0,03;0,00;0,00;0,00;0,00;0,00
15.09.2018;68,56;63,85;3,82;3,68;145,47;146,84;148,64;149,64;0,69;27,19;26,93;0,30;0,02;0,00;0,00;0,00;0,00;0,00
16.09.2018;70,29;57,74;3,85;3,70;145,37;146,00;148,68;148,30;1,83;30,11;29,47;0,43;0,03;0,00;0,00;0,00;0,00;0,00
17.09.2018;72,79;57,37;3,68;3,60;120,98;121,75;123,92;123,65;1,87;30,24;29,81;0,41;0,03;0,00;0,00;0,00;0,00;0,00
18.09.2018;72,80;58,23;3,99;3,86;141,93;143,48;145,38;145,78;2,07;29,34;28,63;0,33;0,02;0,00;0,00;0,00;0,00;0,00
19.09.2018;73,27;59,42;4,05;3,91;145,36;146,47;148,93;148,91;2,01;29,85;29,29;0,34;0,02;0,00;0,00;0,00;0,00;0,00
20.09.2018;73,42;57,58;3,90;3,81;128,58;129,76;131,75;131,80;2,04;29,47;28,86;0,33;0,03;0,00;0,00;0,00;0,00;0,00
21.09.2018;73,03;56,99;3,84;3,76;124,05;124,90;127,08;126,82;1,99;29,60;29,00;0,33;0,03;0,00;0,00;0,00;0,00;0,00
22.09.2018;73,18;59,39;3,91;3,77;137,40;138,48;140,77;140,78;1,90;30,28;29,58;0,34;0,03;0,00;0,00;0,00;0,00;0,00
23.09.2018;73,41;63,00;4,21;3,91;193,54;194,52;198,31;198,14;2,02;30,52;29,86;0,32;0,03;0,00;0,00;0,00;0,00;0,00
24.09.2018;73,91;55,34;4,14;3,92;194,04;195,05;198,88;197,92;3,61;40,09;35,66;4,07;3,12;345,51;332,76;348,28;334,90;1,55
25.09.2018;73,17;51,69;4,22;4,05;205,23;206,12;210,26;208,75;4,41;43,84;39,89;4,06;3,16;634,99;611,23;640,87;615,95;2,53
26.09.2018;73,70;52,13;4,36;4,18;208,28;209,08;213,44;211,80;4,49;44,64;40,59;4,04;3,16;638,33;615,12;644,45;620,03;2,60
27.09.2018;74,22;55,45;4,43;4,07;257,23;258,08;263,69;261,85;4,83;46,66;42,20;4,04;3,17;636,78;613,75;643,44;619,05;2,87
28.09.2018;73,37;52,04;4,06;3,89;208,21;208,68;213,33;211,38;4,45;45,43;41,36;4,03;3,17;634,01;611,76;640,31;616,84;2,61
29.09.2018;73,90;52,00;4,10;3,95;197,46;197,92;202,39;200,47;4,33;45,25;41,26;3,99;3,18;639,37;616,47;645,67;621,56;2,58
30.09.2018;73,34;52,03;4,20;4,03;202,71;203,17;207,69;205,80;4,32;45,09;41,23;3,91;3,19;650,17;626,47;656,53;631,63;2,54
01.10.2018;74,02;51,92;4,20;4,04;203,79;204,43;208,88;207,06;4,51;45,28;41,37;3,89;3,16;648,18;624,38;654,58;629,56;2,56
02.10.2018;73,76;52,21;4,21;4,04;208,51;209,35;213,69;212,07;4,50;45,42;41,46;3,88;3,17;646,36;623,00;652,78;628,19;2,59
03.10.2018;73,73;51,55;4,47;4,31;203,24;204,25;208,28;206,84;4,51;44,99;41,09;3,88;3,16;644,01;620,31;650,29;625,39;2,54
04.10.2018;74,10;51,82;4,69;4,53;199,97;201,39;204,98;203,97;4,46;45,09;41,19;3,88;3,16;641,44;617,73;647,72;622,81;2,53
05.10.2018;73,69;52,80;4,80;4,59;216,00;216,79;221,35;219,67;4,51;44,87;41,03;3,88;3,16;639,40;615,77;645,60;620,80;2,47
06.10.2018;73,12;52,55;4,78;4,58;219,75;220,57;225,11;223,47;4,52;45,49;41,44;3,88;3,17;638,30;614,32;644,66;619,44;2,61
07.10.2018;73,43;52,38;4,73;4,55;209,76;210,72;214,92;213,48;4,42;45,93;41,95;3,88;3,17;635,18;612,17;641,63;617,39;2,56
08.10.2018;73,28;50,88;4,70;4,53;204,76;205,68;209,78;208,22;4,59;45,23;41,26;3,85;3,14;629,52;606,93;635,72;611,94;2,54
09.10.2018;73,95;51,80;4,68;4,51;203,56;204,69;208,64;207,31;4,51;44,63;40,63;3,84;3,15;622,25;599,99;628,22;604,80;2,52
10.10.2018;73,74;51,93;4,74;4,56;211,30;212,36;216,54;215,09;4,61;45,71;41,53;3,83;3,14;617,20;596,93;623,41;601,92;2,62
11.10.2018;73,82;52,64;4,81;4,60;222,40;223,62;227,93;226,57;4,71;45,72;41,42;3,81;3,14;612,82;592,86;618,99;597,79;2,66
12.10.2018;73,65;52,36;4,79;4,60;220,87;222,07;226,33;224,97;4,70;47,69;43,11;3,80;3,14;608,19;588,33;614,83;593,62;2,81
13.10.2018;73,53;51,87;4,69;4,53;209,16;210,27;214,32;212,97;4,53;46,91;42,37;3,81;3,16;606,28;587,73;612,69;592,84;2,79
14.10.2018;73,58;52,11;4,72;4,54;213,40;214,63;218,67;217,40;4,58;46,97;42,36;3,81;3,15;602,66;584,88;609,05;589,96;2,81
15.10.2018;73,96;52,17;4,77;4,57;218,78;220,04;224,24;222,89;4,77;46,96;42,34;3,79;3,14;600,08;583,53;606,44;588,59;2,81
16.10.2018;73,66;52,26;4,79;4,59;222,29;223,77;227,79;226,69;4,76;47,08;42,42;3,78;3,13;596,20;579,90;602,55;584,95;2,79
17.10.2018;73,60;51,60;4,78;4,59;215,54;217,27;220,86;220,03;4,75;46,94;42,28;3,79;3,13;599,40;583,76;605,75;588,82;2,84
18.10.2018;73,55;52,61;4,81;4,59;230,88;231,86;236,58;234,91;4,84;46,98;42,31;3,80;3,12;595,17;580,43;601,48;585,47;2,87
19.10.2018;73,72;54,78;4,92;4,65;245,16;246,65;251,23;250,16;4,65;46,19;41,57;3,90;3,10;580,31;555,65;586,26;560,30;2,88
20.10.2018;74,10;55,65;5,04;4,77;246,86;248,29;253,03;251,92;4,56;46,15;41,68;4,06;3,15;613,56;585,86;619,84;590,79;2,84
21.10.2018;73,92;55,20;5,07;4,80;254,68;255,55;261,02;259,24;4,77;46,56;41,96;4,04;3,15;619,29;588,22;625,74;593,24;2,97
22.10.2018;73,64;55,36;5,19;4,87;264,36;265,40;270,89;269,24;4,84;46,58;41,81;3,97;3,11;602,61;572,13;608,89;576,98;3,29
23.10.2018;73,90;53,01;5,33;4,80;229,66;231,02;235,37;234,11;4,80;47,32;42,18;3,95;3,13;570,68;550,57;576,82;555,32;3,14
24.10.2018;73,37;52,07;5,30;4,74;234,44;236,52;240,20;239,57;5,00;48,70;43,23;3,98;3,14;577,52;561,38;584,09;566,46;3,20
25.10.2018;74,07;52,85;5,31;4,74;236,10;237,53;242,00;240,69;5,02;49,23;43,67;3,96;3,16;580,08;564,28;586,81;569,49;3,26
26.10.2018;73,94;52,72;5,69;5,12;235,12;236,56;240,97;239,68;4,99;49,01;43,51;3,98;3,16;579,19;563,59;585,86;568,75;3,23
27.10.2018;73,67;53,19;5,90;5,40;227,71;229,17;233,33;232,25;4,67;49,12;43,73;4,01;3,18;579,88;564,50;586,58;569,72;3,16
28.10.2018;73,35;52,99;5,93;5,39;231,47;232,42;237,14;235,52;4,72;48,95;43,56;4,03;3,17;577,90;562,51;584,53;567,68;3,15
29.10.2018;73,66;52,68;5,75;5,18;234,81;236,39;240,62;239,51;4,93;49,06;43,63;3,97;3,16;583,81;568,44;590,55;573,68;3,21
30.10.2018;73,64;52,65;5,94;5,39;231,42;233,03;237,14;236,09;4,86;49,10;43,77;3,98;3,15;581,95;566,78;588,67;572,04;3,14
31.10.2018;73,67;52,29;5,91;5,41;234,56;235,63;240,36;238,69;5,02;49,50;43,89;3,98;3,16;584,60;569,15;591,46;574,45;3,32
01.11.2018;75,19;53,19;5,97;5,51;246,13;247,10;252,45;250,41;5,42;52,00;46,32;4,22;3,22;645,16;627,07;653,47;633,56;3,71
02.11.2018;76,09;53,95;5,52;5,10;244,55;245,76;250,97;249,15;5,42;53,04;47,21;4,18;3,22;645,27;625,13;653,90;631,84;3,86
03.11.2018;75,73;55,01;5,40;4,93;258,57;259,73;265,29;263,45;5,36;53,26;47,48;4,24;3,26;665,72;645,06;674,70;652,06;3,93
04.11.2018;76,75;54,69;5,27;4,88;245,38;247,04;251,92;250,54;5,42;53,51;47,72;4,35;3,26;668,81;647,96;677,91;655,06;3,95
05.11.2018;80,32;55,71;5,28;4,97;241,06;243,47;248,04;247,04;5,94;55,97;49,58;4,27;3,26;675,57;655,12;685,58;662,85;4,39
06.11.2018;80,24;54,77;5,65;5,36;236,08;238,54;242,91;241,92;6,02;55,91;49,58;4,29;3,23;670,81;650,40;680,73;658,08;4,32
07.11.2018;80,47;54,61;5,46;5,17;235,75;238,53;242,60;241,90;6,10;55,87;49,54;4,22;3,23;678,55;657,76;688,58;665,51;4,36
08.11.2018;81,64;54,74;5,67;5,41;226,27;228,50;233,02;231,74;6,09;56,22;50,00;4,08;3,25;691,95;670,46;702,30;678,50;4,36
09.11.2018;86,09;55,97;5,66;5,43;212,77;213,98;219,77;217,14;6,42;57,91;51,21;4,15;3,25;686,19;664,66;697,05;673,00;4,65
10.11.2018;97,19;56,83;4,93;4,79;156,60;158,61;163,02;161,03;6,33;61,02;53,86;4,10;3,25;671,80;651,09;683,53;660,08;4,87
11.11.2018;95,96;54,40;5,17;5,05;148,63;149,57;154,59;151,67;6,19;58,87;52,03;4,14;3,25;669,92;648,26;680,84;656,65;4,63
12.11.2018;94,20;54,12;4,93;4,72;163,61;164,91;169,95;167,21;6,57;58,12;50,94;4,30;3,22;655,60;634,56;666,04;642,44;4,75
13.11.2018;93,93;54,27;4,96;4,74;165,87;167,27;172,27;169,60;6,59;58,00;50,82;4,32;3,21;647,79;626,66;658,07;634,41;4,71
14.11.2018;81,82;56,10;5,72;5,15;247,76;250,23;255,20;253,95;6,38;57,97;50,84;4,34;3,20;646,04;624,60;656,27;632,33;4,66
15.11.2018;80,41;56,96;6,18;5,46;277,50;279,56;285,55;283,83;6,51;58,21;51,14;4,44;3,21;656,90;634,75;667,38;642,70;4,70
16.11.2018;84,90;58,33;5,81;5,38;248,62;250,05;256,59;254,05;6,62;60,54;53,29;4,45;3,24;672,45;649,30;684,01;658,10;4,93
17.11.2018;88,24;59,86;5,79;5,44;238,66;240,20;246,88;244,23;6,78;62,34;54,85;4,34;3,25;683,18;660,69;695,59;670,14;5,17
18.11.2018;84,69;57,85;5,82;5,44;247,17;248,20;255,06;252,11;6,64;60,35;53,06;4,45;3,25;674,75;651,19;686,28;659,93;4,97
19.11.2018;87,62;58,42;5,78;5,41;238,08;238,47;246,17;242,30;6,96;61,28;53,84;4,33;3,24;684,55;661,20;696,58;670,33;5,14
20.11.2018;89,85;59,47;5,69;5,34;231,65;233,12;239,89;236,98;7,05;62,98;55,16;4,39;3,24;679,53;656,85;692,11;666,35;5,37
21.11.2018;88,04;59,06;5,78;5,36;241,30;241,93;249,57;245,89;7,00;62,73;55,07;4,52;3,22;666,51;644,24;678,75;653,53;5,17
22.11.2018;86,51;57,57;5,75;5,28;236,47;236,50;244,32;240,19;6,85;61,01;53,62;4,51;3,22;668,04;644,72;679,68;653,56;4,99
23.11.2018;86,92;58,93;5,92;5,36;248,26;248,58;256,56;252,63;6,96;61,57;54,00;4,47;3,23;672,87;649,61;684,81;658,64;5,15
24.11.2018;89,76;59,87;5,63;5,26;226,80;228,20;234,84;232,04;6,79;63,13;55,46;4,54;3,24;668,33;645,84;680,75;655,28;5,18
25.11.2018;90,52;60,06;5,66;5,29;229,24;231,32;237,50;235,23;6,99;63,51;55,70;4,50;3,23;672,36;649,58;685,00;659,15;5,30
26.11.2018;92,90;60,54;5,55;5,19;233,50;236,48;242,32;240,55;7,57;65,00;56,79;4,38;3,22;681,78;657,86;695,17;667,91;5,65
27.11.2018;91,75;61,14;5,82;5,39;250,04;253,00;259,27;257,42;7,67;65,11;56,78;4,39;3,23;681,52;657,69;694,95;667,73;5,74
28.11.2018;92,37;60,82;5,68;5,31;239,77;242,33;248,73;246,52;7,58;64,87;56,69;4,29;3,24;692,98;668,73;706,54;678,92;5,72
29.11.2018;93,19;61,20;5,66;5,30;237,52;240,00;246,55;244,21;7,61;65,52;57,24;4,41;3,22;681,03;657,00;694,61;667,19;5,70
30.11.2018;96,28;62,09;5,58;5,26;228,92;230,82;238,15;234,97;7,84;66,80;58,24;4,41;3,23;682,33;657,87;696,43;668,41;5,90
01.12.2018;96,80;63,57;5,91;5,55;239,83;241,84;249,59;246,39;7,99;67,23;58,38;4,32;3,26;692,98;668,09;707,48;678,85;6,19
02.12.2018;99,40;64,97;6,03;5,63;237,03;238,22;247,14;242,88;8,18;69,22;60,05;4,31;3,25;693,93;668,31;709,26;679,65;6,43
03.12.2018;100,60;64,09;6,04;5,58;227,43;229,29;237,36;233,67;8,32;69,91;59,44;4,03;3,16;603,25;580,28;616,83;589,95;6,37
04.12.2018;102,75;62,94;5,98;5,44;212,66;214,74;222,30;218,71;8,49;69,81;59,28;3,97;3,14;598,89;575,86;612,34;585,40;6,36
05.12.2018;99,81;62,44;6,17;5,46;219,00;220,61;228,42;224,62;8,21;68,51;58,62;4,04;3,16;619,14;596,01;632,57;605,68;6,17
06.12.2018;99,84;62,44;6,15;5,46;218,56;220,23;227,96;224,24;8,19;68,41;58,44;4,07;3,16;615,27;592,75;628,58;602,32;6,18
07.12.2018;106,54;65,05;6,00;5,52;207,89;209,99;217,95;214,11;8,65;72,07;61,35;4,03;3,16;618,59;595,85;633,31;606,38;6,68
08.12.2018;106,00;66,71;5,90;5,36;222,81;224,33;233,50;228,95;8,78;72,75;61,78;4,05;3,17;618,60;595,93;633,59;606,60;6,84
09.12.2018;107,26;66,40;5,59;5,16;207,36;209,47;217,53;213,75;8,50;73,12;62,41;4,06;3,16;616,25;593,53;631,32;604,37;6,65
10.12.2018;103,63;64,47;5,64;5,14;216,41;219,41;226,38;223,65;8,50;71,07;60,61;4,04;3,16;620,42;596,01;634,82;606,32;6,54
11.12.2018;109,26;67,24;5,59;5,14;214,35;216,58;225,21;221,11;9,04;74,26;63,01;4,04;3,16;618,79;596,02;634,35;607,10;7,01
12.12.2018;108,41;66,36;5,57;5,11;215,49;218,43;226,26;222,89;9,09;73,90;62,74;4,03;3,14;618,86;595,67;634,29;606,65;6,96
13.12.2018;109,11;66,68;5,59;5,12;217,76;219,99;228,76;224,52;9,27;74,28;62,95;4,01;3,14;618,94;595,58;634,51;606,63;7,06
14.12.2018;110,02;68,31;5,61;5,13;222,52;223,83;233,94;228,65;9,32;75,12;63,56;4,04;3,15;619,06;595,67;634,97;606,92;7,22
15.12.2018;109,65;68,86;5,65;5,14;221,99;223,52;233,31;228,40;9,09;74,94;63,50;4,06;3,17;619,30;595,78;635,14;607,01;7,14
16.12.2018;109,12;67,69;5,68;5,18;220,03;222,23;231,15;226,93;9,15;74,48;63,14;4,04;3,16;619,28;595,47;634,94;606,58;7,08
17.12.2018;108,33;66,24;5,62;5,15;213,55;215,68;224,20;220,06;9,02;73,53;62,49;4,03;3,15;619,80;595,25;635,11;606,14;6,90
18.12.2018;105,33;64,21;5,64;5,11;209,97;210,95;219,93;215,00;8,66;71,19;60,53;4,11;3,14;609,80;584,19;623,99;594,26;6,55
19.12.2018;105,81;63,69;5,61;5,08;201,68;203,15;211,32;206,99;8,52;71,12;60,71;4,12;3,13;608,66;583,26;622,79;593,37;6,39
20.12.2018;106,43;63,50;5,32;4,84;201,98;203,69;211,75;207,52;8,70;71,25;60,87;4,02;3,14;621,42;595,88;635,90;606,26;6,50
21.12.2018;105,76;64,35;5,72;5,22;209,11;211,14;219,09;215,21;8,69;71,51;61,00;4,03;3,15;621,28;595,56;635,86;605,97;6,58
22.12.2018;104,49;63,97;5,64;5,12;200,19;201,71;209,55;205,55;8,14;70,01;59,85;4,12;3,17;612,48;586,16;626,29;596,06;6,27
23.12.2018;103,42;63,72;5,65;5,15;205,26;207,18;214,67;211,10;8,17;69,93;59,91;4,04;3,16;622,95;596,03;636,98;606,10;6,29
24.12.2018;101,63;64,31;5,93;5,27;224,92;227,16;234,92;231,53;8,42;69,92;59,71;4,09;3,17;626,04;599,38;640,13;609,45;6,46
25.12.2018;98,70;62,46;5,93;5,22;220,61;222,62;229,90;226,68;8,01;68,04;58,92;4,29;3,19;657,58;630,11;671,65;640,44;6,09
26.12.2018;96,68;62,14;6,09;5,26;222,03;223,68;231,04;227,72;7,69;66,14;57,74;4,47;3,25;681,33;653,78;695,15;664,10;5,88
27.12.2018;95,85;61,63;6,09;5,24;229,71;231,41;238,89;235,52;7,88;66,18;58,30;4,49;3,29;750,45;719,36;765,68;730,91;6,05
28.12.2018;95,88;61,70;6,06;5,20;228,51;229,60;237,64;233,69;7,83;66,01;58,02;4,60;3,29;737,20;707,33;752,09;718,58;6,02
29.12.2018;96,26;62,66;6,27;5,24;235,83;237,41;245,32;241,76;7,94;66,33;58,19;4,54;3,30;733,53;704,00;748,48;715,27;6,10
30.12.2018;100,97;64,33;5,45;4,84;217,95;220,09;227,53;224,33;8,01;68,48;59,95;4,50;3,31;736,92;707,15;752,88;719,12;6,41
31.12.2018;108,48;68,28;5,04;4,57;215,73;218,43;226,53;223,13;8,70;72,77;63,27;4,48;3,31;737,01;707,42;754,86;720,66;7,13
01.01.2019;114,83;69,74;4,90;4,52;202,63;204,81;213,87;209,39;9,17;75,34;65,34;4,46;3,30;736,02;706,93;755,02;720,99;7,49
02.01.2019;115,01;69,32;4,89;4,34;197,85;200,16;208,85;204,60;9,08;74,73;64,83;4,46;3,30;735,38;706,18;754,08;720,01;7,41
03.01.2019;113,75;69,64;4,78;4,44;202,09;204,91;213,11;209,49;8,95;75,02;65,17;4,48;3,30;733,41;704,32;752,20;718,25;7,35
04.01.2019;112,77;69,39;4,83;4,49;208,54;211,19;219,73;215,88;9,08;74,88;65,00;4,46;3,30;734,58;705,46;753,33;719,35;7,38
05.01.2019;112,90;69,55;4,83;4,51;208,88;211,39;220,11;216,10;9,09;74,93;64,77;4,41;3,29;721,55;693,05;739,99;706,60;7,44
06.01.2019;111,85;69,07;4,91;4,56;215,14;217,86;226,52;222,66;9,24;74,94;64,64;4,35;3,26;711,24;683,30;729,42;696,61;7,44
07.01.2019;111,40;69,37;4,91;4,54;212,62;215,65;223,79;220,44;8,97;74,79;64,70;4,38;3,27;709,22;681,24;727,28;694,54;7,27
08.01.2019;103,44;65,78;5,07;4,61;220,81;223,72;230,96;228,21;8,34;70,62;61,41;4,37;3,26;709,61;680,98;725,88;693,04;6,64
09.01.2019;104,24;65,74;5,15;4,64;212,50;215,18;222,39;219,50;8,21;71,01;61,22;4,31;3,24;651,04;625,05;666,12;636,06;6,47
10.01.2019;108,85;67,12;5,04;4,64;216,78;219,41;227,69;223,98;9,08;74,04;63,82;4,22;3,21;682,16;655,35;699,22;667,83;7,08
11.01.2019;107,25;66,90;4,98;4,56;219,40;222,08;230,16;226,69;8,88;73,30;63,26;4,22;3,21;681,76;654,80;698,50;667,05;6,96
12.01.2019;101,11;63,63;5,01;4,52;208,23;211,88;217,41;215,88;7,82;69,19;60,21;4,40;3,21;667,95;640,60;682,69;651,53;6,10
13.01.2019;99,85;62,65;5,09;4,54;210,78;214,65;219,86;218,58;7,86;68,08;59,35;4,35;3,22;684,92;656,89;699,59;667,80;6,08
14.01.2019;100,83;63,55;5,16;4,62;227,09;230,46;237,05;234,81;8,49;69,43;60,37;4,28;3,22;705,24;676,24;720,91;687,84;6,49
15.01.2019;103,37;64,31;5,49;5,01;215,50;218,14;225,37;222,34;8,44;70,17;61,02;4,31;3,24;703,18;674,40;719,11;686,20;6,54
16.01.2019;102,83;64,29;5,17;4,65;221,75;224,84;231,82;229,17;8,57;70,08;60,82;4,29;3,24;703,13;674,17;719,01;685,90;6,61
17.01.2019;102,76;63,91;5,15;4,64;220,48;223,47;230,49;227,73;8,59;70,16;60,93;4,33;3,22;697,80;668,97;713,60;680,64;6,55
18.01.2019;103,12;64,39;5,20;4,69;225,90;228,85;236,22;233,27;8,77;70,76;61,42;4,30;3,21;698,04;669,37;714,10;681,23;6,63
19.01.2019;99,85;60,85;5,33;4,70;226,09;229,74;235,83;233,73;8,84;69,01;60,13;4,35;3,16;689,26;660,13;704,39;671,37;6,22
20.01.2019;99,79;60,36;5,44;4,73;225,94;228,42;235,65;232,33;8,93;69,11;60,35;4,43;3,13;680,47;651,88;695,45;663,05;6,06
21.01.2019;99,94;63,62;5,12;4,68;221,45;223,70;231,00;227,92;8,06;69,23;60,45;4,49;3,21;681,94;653,26;697,00;664,50;6,09
22.01.2019;100,28;63,32;5,04;4,68;218,15;220,56;227,62;224,68;8,08;69,13;60,34;4,48;3,21;682,63;653,92;697,66;665,12;6,10
23.01.2019;100,91;63,43;4,98;4,64;212,14;214,51;221,45;218,54;7,97;68,88;60,27;4,33;3,23;695,21;666,22;710,42;677,61;6,09
24.01.2019;101,45;64,05;5,09;4,67;222,30;224,72;232,16;229,02;8,33;69,50;60,51;4,28;3,23;698,88;669,77;714,44;681,31;6,38
25.01.2019;105,91;65,67;5,21;4,65;217,92;219,03;228,36;223,42;8,80;72,09;62,52;4,28;3,22;696,01;667,86;712,58;680,08;6,76
26.01.2019;105,86;66,57;5,39;4,65;216,59;217,66;226,96;222,13;8,54;72,01;62,44;4,30;3,24;696,36;668,15;712,90;680,35;6,76
27.01.2019;106,59;66,76;6,29;4,68;222,97;224,30;233,77;228,93;8,92;72,47;62,58;4,29;3,24;695,60;667,35;712,32;679,59;6,97
28.01.2019;108,61;67,49;6,05;4,68;222,73;224,99;233,89;229,73;9,19;74,02;63,84;4,27;3,22;694,98;667,07;712,35;679,77;7,17
29.01.2019;107,99;66,89;6,01;4,64;216,41;218,34;227,15;222,86;8,93;73,66;63,77;4,34;3,21;686,57;659,06;703,58;671,58;6,91
30.01.2019;102,65;63,98;6,55;4,60;212,12;214,32;221,72;218,41;8,23;70,33;61,28;4,44;3,20;680,18;652,06;695,65;663,56;6,26
31.01.2019;100,42;63,22;6,73;4,60;213,71;216,02;222,99;220,05;7,97;69,09;60,30;4,46;3,21;679,29;650,66;694,24;661,80;6,07
01.02.2019;98,77;61,00;7,61;4,52;200,26;201,80;208,69;205,33;7,59;66,50;58,32;4,40;3,22;686,77;658,71;700,86;669,31;5,70
02.02.2019;95,76;60,31;8,31;4,48;199,99;199,92;207,94;203,34;7,11;64,51;56,76;4,34;3,25;694,74;666,97;708,20;677,15;5,45
03.02.2019;96,39;59,86;8,00;4,53;202,99;203,51;211,16;206,94;7,44;64,70;56,72;4,31;3,24;696,40;668,58;709,97;678,78;5,62
04.02.2019;100,93;63,54;7,63;4,59;218,60;220,93;228,17;225,09;8,20;69,54;59,88;4,10;3,18;637,40;610,37;651,61;620,68;6,22
05.02.2019;103,41;64,42;7,03;4,57;212,52;214,31;222,25;218,45;8,32;71,04;60,70;4,03;3,15;607,84;582,36;621,93;592,45;6,35
06.02.2019;103,19;64,08;6,77;4,58;211,52;213,38;221,17;217,47;8,31;71,04;60,68;4,05;3,14;603,41;578,00;617,40;588,00;6,32
07.02.2019;105,83;65,11;6,87;4,58;217,21;219,14;227,58;223,46;8,88;72,28;61,33;3,98;3,15;611,06;585,83;625,69;596,19;6,75
08.02.2019;109,39;67,51;6,36;4,58;215,88;217,52;226,83;222,10;9,08;74,52;63,03;3,99;3,16;610,38;586,05;625,84;596,95;7,08
09.02.2019;110,68;68,75;6,55;4,57;214,09;215,43;225,18;220,13;9,02;75,05;63,47;4,01;3,18;610,18;586,12;625,84;597,15;7,13
10.02.2019;110,08;68,62;6,68;4,53;217,86;219,11;229,04;223,87;9,07;75,11;63,60;4,01;3,17;610,04;585,92;625,71;597,00;7,08
11.02.2019;109,68;67,80;6,30;4,54;220,30;221,25;231,53;225,95;9,26;75,10;63,52;3,99;3,15;610,48;586,32;626,16;597,38;7,13
12.02.2019;109,76;67,49;6,35;4,55;221,56;222,41;232,87;227,10;9,40;75,06;63,40;3,98;3,14;610,86;586,62;626,53;597,65;7,18
13.02.2019;109,74;68,07;6,42;4,61;223,75;224,62;235,17;229,43;9,36;74,87;63,15;3,98;3,15;610,11;585,76;625,70;596,69;7,21
14.02.2019;108,69;66,47;6,96;4,57;216,80;218,99;227,67;223,48;9,19;74,12;62,56;4,06;3,14;600,41;575,94;615,46;586,50;7,00
15.02.2019;109,27;66,20;6,67;4,53;210,50;211,95;221,15;216,27;9,10;74,12;62,86;3,99;3,14;609,91;585,23;625,20;596,06;6,93
16.02.2019;109,07;67,36;6,69;4,51;211,71;213,71;222,39;218,20;8,87;74,02;62,79;4,00;3,16;611,31;586,47;626,59;597,29;6,95
17.02.2019;109,76;66,66;6,50;4,50;205,98;206,96;216,49;211,22;8,92;74,15;63,01;3,99;3,15;611,07;586,45;626,40;597,35;6,87
18.02.2019;109,88;66,19;6,37;4,53;210,85;211,63;221,63;215,94;9,25;74,19;62,73;3,97;3,14;610,97;586,20;626,31;597,00;7,06
19.02.2019;109,90;66,92;6,46;4,54;220,47;221,35;231,75;225,95;9,51;75,06;63,37;3,95;3,13;610,43;585,97;626,09;596,98;7,20
20.02.2019;109,58;67,01;6,30;4,43;220,40;221,37;231,62;225,98;9,42;75,00;63,37;3,96;3,13;610,56;586,06;626,20;597,07;7,16
21.02.2019;109,30;67,01;6,30;4,44;221,47;222,75;232,69;227,39;9,40;74,84;63,21;3,96;3,13;611,02;586,47;626,61;597,43;7,17
22.02.2019;109,24;67,28;6,43;4,46;223,26;224,68;234,56;229,39;9,41;75,00;63,37;3,96;3,13;610,70;586,22;626,34;597,23;7,17
23.02.2019;109,56;68,20;6,44;4,51;221,67;222,66;232,95;227,44;9,21;75,12;63,52;3,98;3,15;610,67;586,11;626,36;597,16;7,15
24.02.2019;109,68;68,07;6,46;4,55;220,91;221,75;232,17;226,50;9,23;75,11;63,50;3,98;3,15;610,60;586,06;626,28;597,11;7,15
25.02.2019;109,91;67,29;6,51;4,46;220,19;220,90;231,46;225,53;9,42;75,06;63,45;3,96;3,13;610,87;586,36;626,55;597,40;7,16
26.02.2019;109,07;67,48;6,26;4,48;224,58;226,12;235,91;230,89;9,38;75,11;63,45;3,96;3,13;610,83;586,30;626,52;597,34;7,19
27.02.2019;109,49;67,89;6,50;4,48;216,45;217,55;227,45;222,19;9,04;75,21;63,59;3,97;3,14;590,47;566,79;605,68;577,50;6,92
28.02.2019;109,41;67,75;6,15;4,50;219,84;220,92;231,00;225,62;9,19;75,16;63,58;4,00;3,14;607,28;582,83;622,90;593,84;7,10
01.03.2019;107,92;67,03;6,86;4,51;214,23;216,64;224,83;221,14;8,80;73,77;62,68;4,00;3,15;608,86;584,04;623,99;594,79;6,81
02.03.2019;105,24;66,08;6,65;4,49;214,63;215,51;224,79;219,87;8,44;72,01;61,31;4,00;3,17;611,83;586,27;626,37;596,62;6,60
03.03.2019;106,03;66,03;6,88;4,50;216,87;218,21;227,26;222,63;8,71;72,48;61,59;3,99;3,16;611,39;585,86;626,10;596,29;6,72
04.03.2019;109,49;66,31;6,34;4,43;205,68;207,05;216,14;211,28;8,92;73,99;62,64;3,95;3,14;599,55;575,13;614,53;585,70;6,87
05.03.2019;108,72;66,41;6,34;4,46;209,42;211,17;219,93;215,49;8,90;73,97;62,52;3,92;3,13;594,48;570,23;609,33;580,67;6,87
06.03.2019;104,58;66,03;6,93;4,53;214,57;216,97;224,61;221,37;8,30;72,71;62,23;3,94;3,12;591,59;566,76;605,92;577,06;6,33
07.03.2019;101,84;65,30;7,69;4,56;227,57;230,23;237,70;234,79;8,35;71,27;60,70;3,94;3,13;597,05;571,41;610,98;581,31;6,44
08.03.2019;101,72;64,30;7,10;4,68;208,23;210,64;217,48;214,70;7,82;70,48;60,33;4,01;3,14;589,64;564,38;603,12;574,05;6,09
09.03.2019;98,32;61,04;8,03;4,75;198,48;200,57;206,76;204,07;7,43;66,94;57,61;3,96;3,15;597,66;573,40;610,07;582,41;5,66
10.03.2019;95,98;59,63;8,37;4,79;203,25;205,09;211,37;208,52;7,41;65,53;56,37;3,95;3,15;599,27;576,37;611,23;585,06;5,56
11.03.2019;95,46;60,23;8,89;4,86;222,53;222,99;231,32;226,78;7,87;66,25;56,74;3,93;3,13;598,99;575,65;611,20;584,44;5,77
12.03.2019;98,28;62,84;8,89;4,92;233,19;234,95;242,91;239,28;8,30;68,98;58,83;3,92;3,12;597,86;572,52;610,99;581,87;6,14
13.03.2019;98,70;62,62;8,22;4,76;222,30;224,07;231,64;228,17;8,05;68,78;58,79;3,94;3,13;596,00;570,77;609,02;580,09;6,02
14.03.2019;97,58;60,90;8,37;4,71;212,65;214,34;221,40;218,07;7,83;67,33;57,73;3,93;3,12;595,25;570,70;607,75;579,69;5,78
15.03.2019;96,77;60,66;8,50;4,73;216,40;217,50;225,17;221,26;7,84;66,94;57,39;3,92;3,12;597,60;573,39;610,01;582,33;5,77
16.03.2019;97,39;62,40;8,13;4,73;218,15;219,88;227,10;223,89;7,66;67,50;57,75;3,96;3,15;597,27;572,60;609,87;581,63;5,88
17.03.2019;99,58;63,09;7,74;4,69;211,27;213,68;220,30;217,65;7,74;68,68;58,77;3,95;3,15;597,08;571,85;610,09;581,18;5,98
18.03.2019;97,10;61,09;8,42;4,71;214,07;215,60;222,81;219,37;7,74;66,92;57,34;3,93;3,14;597,63;573,46;610,03;582,38;5,79
19.03.2019;97,72;60,89;8,38;4,72;210,18;212,23;218,85;215,92;7,77;67,17;57,59;3,93;3,13;596,54;572,00;609,01;580,98;5,78
20.03.2019;97,54;61,33;8,82;5,13;217,70;219,12;226,65;222,98;7,91;67,27;57,49;3,92;3,13;596,89;572,66;609,40;581,62;5,90
21.03.2019;102,94;64,22;8,45;5,18;223,44;225,51;233,57;229,84;8,68;70,93;60,04;3,90;3,12;596,42;571,26;610,21;580,96;6,57
22.03.2019;103,71;64,89;8,52;4,94;146,68;147,29;153,45;150,17;5,72;60,39;53,02;3,90;3,12;600,19;574,79;611,10;582,84;4,50
23.03.2019;95,28;59,83;7,03;5,38;214,85;213,96;223,40;217,59;7,64;59,04;49,69;4,01;3,20;593,92;569,55;604,25;576,70;5,61
24.03.2019;93,47;60,42;6,64;5,10;225,74;225,09;234,35;228,94;7,48;65,17;55,93;3,93;3,13;592,27;569,79;603,97;578,25;5,53
25.03.2019;94,91;59,92;6,06;4,85;216,75;215,28;225,26;218,91;7,60;65,68;56,41;3,90;3,12;594,22;571,14;606,13;579,76;5,57
26.03.2019;93,90;59,34;6,15;4,83;220,35;219,29;228,83;222,92;7,63;64,99;55,73;3,90;3,12;593,95;571,65;605,63;580,09;5,56
27.03.2019;93,85;59,28;6,29;4,85;220,19;219,11;228,66;222,73;7,63;64,99;55,83;3,89;3,11;593,74;571,35;605,41;579,81;5,50
28.03.2019;93,80;58,91;6,22;4,88;219,09;218,23;227,50;221,80;7,66;64,84;55,65;3,89;3,11;594,22;571,99;605,85;580,40;5,53
29.03.2019;93,52;58,88;6,20;4,80;208,00;207,53;215,95;210,92;7,22;64,16;55,35;3,93;3,12;590,85;569,18;602,19;577,46;5,27
30.03.2019;90,80;59,83;6,36;4,91;223,62;223,00;231,71;226,75;6,94;63,85;55,18;3,93;3,14;593,76;572,06;605,05;580,34;5,20
31.03.2019;89,61;59,39;6,67;4,93;233,47;232,04;241,72;235,88;7,07;63,49;54,87;3,91;3,13;593,43;571,77;604,60;579,96;5,17
01.04.2019;89,23;58,43;6,79;4,94;232,45;230,69;240,60;234,40;7,18;62,82;54,63;3,97;3,14;619,99;596,77;631,42;605,25;5,15